create table public.auth_group
(
    id   integer generated by default as identity
        primary key,
    name varchar(150) not null
        unique
);

alter table public.auth_group
    owner to myuser;

create index auth_group_name_a6ea08ec_like
    on public.auth_group (name varchar_pattern_ops);

create table public.auth_user
(
    id           integer generated by default as identity
        primary key,
    password     varchar(128)             not null,
    last_login   timestamp with time zone,
    is_superuser boolean                  not null,
    username     varchar(150)             not null
        unique,
    first_name   varchar(150)             not null,
    last_name    varchar(150)             not null,
    email        varchar(254)             not null,
    is_staff     boolean                  not null,
    is_active    boolean                  not null,
    date_joined  timestamp with time zone not null
);

alter table public.auth_user
    owner to myuser;

create index auth_user_username_6821ab7c_like
    on public.auth_user (username varchar_pattern_ops);

create table public.auth_user_groups
(
    id       bigint generated by default as identity
        primary key,
    user_id  integer not null
        constraint auth_user_groups_user_id_6a12ed8b_fk_auth_user_id
            references public.auth_user
            deferrable initially deferred,
    group_id integer not null
        constraint auth_user_groups_group_id_97559544_fk_auth_group_id
            references public.auth_group
            deferrable initially deferred,
    constraint auth_user_groups_user_id_group_id_94350c0c_uniq
        unique (user_id, group_id)
);

alter table public.auth_user_groups
    owner to myuser;

create index auth_user_groups_group_id_97559544
    on public.auth_user_groups (group_id);

create index auth_user_groups_user_id_6a12ed8b
    on public.auth_user_groups (user_id);

create table public.django_content_type
(
    id        integer generated by default as identity
        primary key,
    app_label varchar(100) not null,
    model     varchar(100) not null,
    constraint django_content_type_app_label_model_76bd3d3b_uniq
        unique (app_label, model)
);

alter table public.django_content_type
    owner to myuser;

create table public.auth_permission
(
    id              integer generated by default as identity
        primary key,
    name            varchar(255) not null,
    content_type_id integer      not null
        constraint auth_permission_content_type_id_2f476e4b_fk_django_co
            references public.django_content_type
            deferrable initially deferred,
    codename        varchar(100) not null,
    constraint auth_permission_content_type_id_codename_01ab375a_uniq
        unique (content_type_id, codename)
);

alter table public.auth_permission
    owner to myuser;

create table public.auth_group_permissions
(
    id            bigint generated by default as identity
        primary key,
    group_id      integer not null
        constraint auth_group_permissions_group_id_b120cbf9_fk_auth_group_id
            references public.auth_group
            deferrable initially deferred,
    permission_id integer not null
        constraint auth_group_permissio_permission_id_84c5c92e_fk_auth_perm
            references public.auth_permission
            deferrable initially deferred,
    constraint auth_group_permissions_group_id_permission_id_0cd325b0_uniq
        unique (group_id, permission_id)
);

alter table public.auth_group_permissions
    owner to myuser;

create index auth_group_permissions_group_id_b120cbf9
    on public.auth_group_permissions (group_id);

create index auth_group_permissions_permission_id_84c5c92e
    on public.auth_group_permissions (permission_id);

create index auth_permission_content_type_id_2f476e4b
    on public.auth_permission (content_type_id);

create table public.auth_user_user_permissions
(
    id            bigint generated by default as identity
        primary key,
    user_id       integer not null
        constraint auth_user_user_permissions_user_id_a95ead1b_fk_auth_user_id
            references public.auth_user
            deferrable initially deferred,
    permission_id integer not null
        constraint auth_user_user_permi_permission_id_1fbb5f2c_fk_auth_perm
            references public.auth_permission
            deferrable initially deferred,
    constraint auth_user_user_permissions_user_id_permission_id_14a6b632_uniq
        unique (user_id, permission_id)
);

alter table public.auth_user_user_permissions
    owner to myuser;

create index auth_user_user_permissions_permission_id_1fbb5f2c
    on public.auth_user_user_permissions (permission_id);

create index auth_user_user_permissions_user_id_a95ead1b
    on public.auth_user_user_permissions (user_id);

create table public.django_admin_log
(
    id              integer generated by default as identity
        primary key,
    action_time     timestamp with time zone not null,
    object_id       text,
    object_repr     varchar(200)             not null,
    action_flag     smallint                 not null
        constraint django_admin_log_action_flag_check
            check (action_flag >= 0),
    change_message  text                     not null,
    content_type_id integer
        constraint django_admin_log_content_type_id_c4bce8eb_fk_django_co
            references public.django_content_type
            deferrable initially deferred,
    user_id         integer                  not null
        constraint django_admin_log_user_id_c564eba6_fk_auth_user_id
            references public.auth_user
            deferrable initially deferred
);

alter table public.django_admin_log
    owner to myuser;

create index django_admin_log_content_type_id_c4bce8eb
    on public.django_admin_log (content_type_id);

create index django_admin_log_user_id_c564eba6
    on public.django_admin_log (user_id);

create table public.django_migrations
(
    id      bigint generated by default as identity
        primary key,
    app     varchar(255)             not null,
    name    varchar(255)             not null,
    applied timestamp with time zone not null
);

alter table public.django_migrations
    owner to myuser;

create table public.django_session
(
    session_key  varchar(40)              not null
        primary key,
    session_data text                     not null,
    expire_date  timestamp with time zone not null
);

alter table public.django_session
    owner to myuser;

create index django_session_expire_date_a5c62663
    on public.django_session (expire_date);

create index django_session_session_key_c0390e0f_like
    on public.django_session (session_key varchar_pattern_ops);

create table public.platform_app_channel
(
    id       uuid          not null
        primary key,
    title    varchar(1024) not null,
    image    varchar(100)  not null,
    language varchar(3)    not null
);

alter table public.platform_app_channel
    owner to myuser;

create table public.platform_app_channel_subchannels
(
    id              bigint generated by default as identity
        primary key,
    from_channel_id uuid not null
        constraint platform_app_channel_from_channel_id_12361984_fk_platform_
            references public.platform_app_channel
            deferrable initially deferred,
    to_channel_id   uuid not null
        constraint platform_app_channel_to_channel_id_e16f86cb_fk_platform_
            references public.platform_app_channel
            deferrable initially deferred,
    constraint platform_app_channel_sub_from_channel_id_to_chann_ab3fdfae_uniq
        unique (from_channel_id, to_channel_id)
);

alter table public.platform_app_channel_subchannels
    owner to myuser;

create index platform_app_channel_subchannels_from_channel_id_12361984
    on public.platform_app_channel_subchannels (from_channel_id);

create index platform_app_channel_subchannels_to_channel_id_e16f86cb
    on public.platform_app_channel_subchannels (to_channel_id);

create table public.platform_app_content
(
    id     uuid         not null
        primary key,
    file   varchar(100) not null,
    rating integer      not null
        constraint platform_app_content_rating_check
            check (rating >= 0)
);

alter table public.platform_app_content
    owner to myuser;

create table public.platform_app_channel_contents
(
    id         bigint generated by default as identity
        primary key,
    channel_id uuid not null
        constraint platform_app_channel_channel_id_d137ee41_fk_platform_
            references public.platform_app_channel
            deferrable initially deferred,
    content_id uuid not null
        constraint platform_app_channel_content_id_66fded41_fk_platform_
            references public.platform_app_content
            deferrable initially deferred,
    constraint platform_app_channel_con_channel_id_content_id_08d29a62_uniq
        unique (channel_id, content_id)
);

alter table public.platform_app_channel_contents
    owner to myuser;

create index platform_app_channel_contents_channel_id_d137ee41
    on public.platform_app_channel_contents (channel_id);

create index platform_app_channel_contents_content_id_66fded41
    on public.platform_app_channel_contents (content_id);

create table public.platform_app_metadatatype
(
    id            bigint generated by default as identity
        primary key,
    metadata_type text not null
        unique
);

alter table public.platform_app_metadatatype
    owner to myuser;

create table public.platform_app_contentmetadata
(
    id               bigint generated by default as identity
        primary key,
    metadata         text   not null,
    content_id       uuid   not null
        constraint platform_app_content_content_id_37c79379_fk_platform_
            references public.platform_app_content
            deferrable initially deferred,
    metadata_type_id bigint not null
        constraint platform_app_content_metadata_type_id_f97cdfd4_fk_platform_
            references public.platform_app_metadatatype
            deferrable initially deferred,
    constraint platform_app_contentmeta_metadata_type_id_content_b3c0480a_uniq
        unique (metadata_type_id, content_id)
);

alter table public.platform_app_contentmetadata
    owner to myuser;

create index platform_app_contentmetadata_content_id_37c79379
    on public.platform_app_contentmetadata (content_id);

create index platform_app_contentmetadata_metadata_type_id_f97cdfd4
    on public.platform_app_contentmetadata (metadata_type_id);

create index platform_app_metadatatype_metadata_type_2bef753e_like
    on public.platform_app_metadatatype (metadata_type text_pattern_ops);


--
-- PostgreSQL database dump
--

-- Dumped from database version 13.16 (Debian 13.16-1.pgdg120+1)
-- Dumped by pg_dump version 13.16 (Debian 13.16-1.pgdg120+1)

SET statement_timeout = 0;
SET lock_timeout = 0;
SET idle_in_transaction_session_timeout = 0;
SET client_encoding = 'UTF8';
SET standard_conforming_strings = on;
SELECT pg_catalog.set_config('search_path', '', false);
SET check_function_bodies = false;
SET xmloption = content;
SET client_min_messages = warning;
SET row_security = off;

--
-- Data for Name: auth_group; Type: TABLE DATA; Schema: public; Owner: myuser
--



--
-- Data for Name: django_content_type; Type: TABLE DATA; Schema: public; Owner: myuser
--

INSERT INTO public.django_content_type (id, app_label, model) VALUES (1, 'admin', 'logentry');
INSERT INTO public.django_content_type (id, app_label, model) VALUES (2, 'auth', 'permission');
INSERT INTO public.django_content_type (id, app_label, model) VALUES (3, 'auth', 'group');
INSERT INTO public.django_content_type (id, app_label, model) VALUES (4, 'auth', 'user');
INSERT INTO public.django_content_type (id, app_label, model) VALUES (5, 'contenttypes', 'contenttype');
INSERT INTO public.django_content_type (id, app_label, model) VALUES (6, 'sessions', 'session');
INSERT INTO public.django_content_type (id, app_label, model) VALUES (7, 'platform_app', 'content');
INSERT INTO public.django_content_type (id, app_label, model) VALUES (8, 'platform_app', 'metadatatype');
INSERT INTO public.django_content_type (id, app_label, model) VALUES (9, 'platform_app', 'channel');
INSERT INTO public.django_content_type (id, app_label, model) VALUES (10, 'platform_app', 'contentmetadata');


--
-- Data for Name: auth_permission; Type: TABLE DATA; Schema: public; Owner: myuser
--

INSERT INTO public.auth_permission (id, name, content_type_id, codename) VALUES (1, 'Can add log entry', 1, 'add_logentry');
INSERT INTO public.auth_permission (id, name, content_type_id, codename) VALUES (2, 'Can change log entry', 1, 'change_logentry');
INSERT INTO public.auth_permission (id, name, content_type_id, codename) VALUES (3, 'Can delete log entry', 1, 'delete_logentry');
INSERT INTO public.auth_permission (id, name, content_type_id, codename) VALUES (4, 'Can view log entry', 1, 'view_logentry');
INSERT INTO public.auth_permission (id, name, content_type_id, codename) VALUES (5, 'Can add permission', 2, 'add_permission');
INSERT INTO public.auth_permission (id, name, content_type_id, codename) VALUES (6, 'Can change permission', 2, 'change_permission');
INSERT INTO public.auth_permission (id, name, content_type_id, codename) VALUES (7, 'Can delete permission', 2, 'delete_permission');
INSERT INTO public.auth_permission (id, name, content_type_id, codename) VALUES (8, 'Can view permission', 2, 'view_permission');
INSERT INTO public.auth_permission (id, name, content_type_id, codename) VALUES (9, 'Can add group', 3, 'add_group');
INSERT INTO public.auth_permission (id, name, content_type_id, codename) VALUES (10, 'Can change group', 3, 'change_group');
INSERT INTO public.auth_permission (id, name, content_type_id, codename) VALUES (11, 'Can delete group', 3, 'delete_group');
INSERT INTO public.auth_permission (id, name, content_type_id, codename) VALUES (12, 'Can view group', 3, 'view_group');
INSERT INTO public.auth_permission (id, name, content_type_id, codename) VALUES (13, 'Can add user', 4, 'add_user');
INSERT INTO public.auth_permission (id, name, content_type_id, codename) VALUES (14, 'Can change user', 4, 'change_user');
INSERT INTO public.auth_permission (id, name, content_type_id, codename) VALUES (15, 'Can delete user', 4, 'delete_user');
INSERT INTO public.auth_permission (id, name, content_type_id, codename) VALUES (16, 'Can view user', 4, 'view_user');
INSERT INTO public.auth_permission (id, name, content_type_id, codename) VALUES (17, 'Can add content type', 5, 'add_contenttype');
INSERT INTO public.auth_permission (id, name, content_type_id, codename) VALUES (18, 'Can change content type', 5, 'change_contenttype');
INSERT INTO public.auth_permission (id, name, content_type_id, codename) VALUES (19, 'Can delete content type', 5, 'delete_contenttype');
INSERT INTO public.auth_permission (id, name, content_type_id, codename) VALUES (20, 'Can view content type', 5, 'view_contenttype');
INSERT INTO public.auth_permission (id, name, content_type_id, codename) VALUES (21, 'Can add session', 6, 'add_session');
INSERT INTO public.auth_permission (id, name, content_type_id, codename) VALUES (22, 'Can change session', 6, 'change_session');
INSERT INTO public.auth_permission (id, name, content_type_id, codename) VALUES (23, 'Can delete session', 6, 'delete_session');
INSERT INTO public.auth_permission (id, name, content_type_id, codename) VALUES (24, 'Can view session', 6, 'view_session');
INSERT INTO public.auth_permission (id, name, content_type_id, codename) VALUES (25, 'Can add content', 7, 'add_content');
INSERT INTO public.auth_permission (id, name, content_type_id, codename) VALUES (26, 'Can change content', 7, 'change_content');
INSERT INTO public.auth_permission (id, name, content_type_id, codename) VALUES (27, 'Can delete content', 7, 'delete_content');
INSERT INTO public.auth_permission (id, name, content_type_id, codename) VALUES (28, 'Can view content', 7, 'view_content');
INSERT INTO public.auth_permission (id, name, content_type_id, codename) VALUES (29, 'Can add metadata type', 8, 'add_metadatatype');
INSERT INTO public.auth_permission (id, name, content_type_id, codename) VALUES (30, 'Can change metadata type', 8, 'change_metadatatype');
INSERT INTO public.auth_permission (id, name, content_type_id, codename) VALUES (31, 'Can delete metadata type', 8, 'delete_metadatatype');
INSERT INTO public.auth_permission (id, name, content_type_id, codename) VALUES (32, 'Can view metadata type', 8, 'view_metadatatype');
INSERT INTO public.auth_permission (id, name, content_type_id, codename) VALUES (33, 'Can add channel', 9, 'add_channel');
INSERT INTO public.auth_permission (id, name, content_type_id, codename) VALUES (34, 'Can change channel', 9, 'change_channel');
INSERT INTO public.auth_permission (id, name, content_type_id, codename) VALUES (35, 'Can delete channel', 9, 'delete_channel');
INSERT INTO public.auth_permission (id, name, content_type_id, codename) VALUES (36, 'Can view channel', 9, 'view_channel');
INSERT INTO public.auth_permission (id, name, content_type_id, codename) VALUES (37, 'Can add content metadata', 10, 'add_contentmetadata');
INSERT INTO public.auth_permission (id, name, content_type_id, codename) VALUES (38, 'Can change content metadata', 10, 'change_contentmetadata');
INSERT INTO public.auth_permission (id, name, content_type_id, codename) VALUES (39, 'Can delete content metadata', 10, 'delete_contentmetadata');
INSERT INTO public.auth_permission (id, name, content_type_id, codename) VALUES (40, 'Can view content metadata', 10, 'view_contentmetadata');


--
-- Data for Name: auth_group_permissions; Type: TABLE DATA; Schema: public; Owner: myuser
--



--
-- Data for Name: auth_user; Type: TABLE DATA; Schema: public; Owner: myuser
--

INSERT INTO public.auth_user (id, password, last_login, is_superuser, username, first_name, last_name, email, is_staff, is_active, date_joined) VALUES (1, 'pbkdf2_sha256$600000$rditZV2zrB3aOdCWPFcWJm$7Hst1KC/Q1fQ23KJNhaypbzJqcmEWuBV60d+WdryVuY=', '2024-10-11 10:50:56.503659+00', true, 'admin', '', '', 'admin@example.com', true, true, '2024-10-11 10:50:15.22171+00');


--
-- Data for Name: auth_user_groups; Type: TABLE DATA; Schema: public; Owner: myuser
--



--
-- Data for Name: auth_user_user_permissions; Type: TABLE DATA; Schema: public; Owner: myuser
--



--
-- Data for Name: django_admin_log; Type: TABLE DATA; Schema: public; Owner: myuser
--

INSERT INTO public.django_admin_log (id, action_time, object_id, object_repr, action_flag, change_message, content_type_id, user_id) VALUES (1, '2024-10-11 10:51:29.675646+00', '1', 'MetadataType object (1)', 1, '[{"added": {}}]', 8, 1);
INSERT INTO public.django_admin_log (id, action_time, object_id, object_repr, action_flag, change_message, content_type_id, user_id) VALUES (2, '2024-10-11 10:51:36.991644+00', '2', 'MetadataType object (2)', 1, '[{"added": {}}]', 8, 1);
INSERT INTO public.django_admin_log (id, action_time, object_id, object_repr, action_flag, change_message, content_type_id, user_id) VALUES (3, '2024-10-11 10:52:58.18606+00', '6afc345d-a33e-412b-9789-3517e8bf3bc7', 'Content object (6afc345d-a33e-412b-9789-3517e8bf3bc7)', 1, '[{"added": {}}, {"added": {"name": "content metadata", "object": "ContentMetadata object (1)"}}, {"added": {"name": "content metadata", "object": "ContentMetadata object (2)"}}]', 7, 1);
INSERT INTO public.django_admin_log (id, action_time, object_id, object_repr, action_flag, change_message, content_type_id, user_id) VALUES (4, '2024-10-11 10:53:06.099521+00', '67daec21-b17d-4181-b626-6e7832f509a3', 'Channel object (67daec21-b17d-4181-b626-6e7832f509a3)', 1, '[{"added": {}}]', 9, 1);
INSERT INTO public.django_admin_log (id, action_time, object_id, object_repr, action_flag, change_message, content_type_id, user_id) VALUES (5, '2024-10-11 10:53:08.434456+00', '7ccf5b4c-f0cf-44f6-ac64-685ba232567b', 'Channel object (7ccf5b4c-f0cf-44f6-ac64-685ba232567b)', 1, '[{"added": {}}]', 9, 1);
INSERT INTO public.django_admin_log (id, action_time, object_id, object_repr, action_flag, change_message, content_type_id, user_id) VALUES (6, '2024-10-11 10:53:13.304977+00', '7ccf5b4c-f0cf-44f6-ac64-685ba232567b', 'Channel object (7ccf5b4c-f0cf-44f6-ac64-685ba232567b)', 2, '[]', 9, 1);
INSERT INTO public.django_admin_log (id, action_time, object_id, object_repr, action_flag, change_message, content_type_id, user_id) VALUES (7, '2024-10-11 10:53:22.928868+00', '7ccf5b4c-f0cf-44f6-ac64-685ba232567b', 'Channel object (7ccf5b4c-f0cf-44f6-ac64-685ba232567b)', 2, '[{"changed": {"fields": ["Subchannels"]}}]', 9, 1);
INSERT INTO public.django_admin_log (id, action_time, object_id, object_repr, action_flag, change_message, content_type_id, user_id) VALUES (8, '2024-10-11 10:57:05.730045+00', '7ccf5b4c-f0cf-44f6-ac64-685ba232567b', 'Channel object (7ccf5b4c-f0cf-44f6-ac64-685ba232567b)', 2, '[{"changed": {"fields": ["Subchannels"]}}]', 9, 1);
INSERT INTO public.django_admin_log (id, action_time, object_id, object_repr, action_flag, change_message, content_type_id, user_id) VALUES (9, '2024-10-11 10:57:09.623134+00', '7ccf5b4c-f0cf-44f6-ac64-685ba232567b', 'Channel object (7ccf5b4c-f0cf-44f6-ac64-685ba232567b)', 2, '[]', 9, 1);
INSERT INTO public.django_admin_log (id, action_time, object_id, object_repr, action_flag, change_message, content_type_id, user_id) VALUES (10, '2024-10-11 10:57:15.629419+00', '67daec21-b17d-4181-b626-6e7832f509a3', 'Channel object (67daec21-b17d-4181-b626-6e7832f509a3)', 2, '[{"changed": {"fields": ["Subchannels"]}}]', 9, 1);
INSERT INTO public.django_admin_log (id, action_time, object_id, object_repr, action_flag, change_message, content_type_id, user_id) VALUES (11, '2024-10-11 10:57:21.429138+00', '67daec21-b17d-4181-b626-6e7832f509a3', 'Channel object (67daec21-b17d-4181-b626-6e7832f509a3)', 2, '[]', 9, 1);
INSERT INTO public.django_admin_log (id, action_time, object_id, object_repr, action_flag, change_message, content_type_id, user_id) VALUES (12, '2024-10-11 10:57:28.793347+00', '7ccf5b4c-f0cf-44f6-ac64-685ba232567b', 'Channel object (7ccf5b4c-f0cf-44f6-ac64-685ba232567b)', 2, '[{"changed": {"fields": ["Contents"]}}]', 9, 1);


--
-- Data for Name: django_migrations; Type: TABLE DATA; Schema: public; Owner: myuser
--

INSERT INTO public.django_migrations (id, app, name, applied) VALUES (1, 'contenttypes', '0001_initial', '2024-10-11 10:49:39.57597+00');
INSERT INTO public.django_migrations (id, app, name, applied) VALUES (2, 'auth', '0001_initial', '2024-10-11 10:49:39.670119+00');
INSERT INTO public.django_migrations (id, app, name, applied) VALUES (3, 'admin', '0001_initial', '2024-10-11 10:49:39.700672+00');
INSERT INTO public.django_migrations (id, app, name, applied) VALUES (4, 'admin', '0002_logentry_remove_auto_add', '2024-10-11 10:49:39.711881+00');
INSERT INTO public.django_migrations (id, app, name, applied) VALUES (5, 'admin', '0003_logentry_add_action_flag_choices', '2024-10-11 10:49:39.720378+00');
INSERT INTO public.django_migrations (id, app, name, applied) VALUES (6, 'contenttypes', '0002_remove_content_type_name', '2024-10-11 10:49:39.740438+00');
INSERT INTO public.django_migrations (id, app, name, applied) VALUES (7, 'auth', '0002_alter_permission_name_max_length', '2024-10-11 10:49:39.754399+00');
INSERT INTO public.django_migrations (id, app, name, applied) VALUES (8, 'auth', '0003_alter_user_email_max_length', '2024-10-11 10:49:39.763107+00');
INSERT INTO public.django_migrations (id, app, name, applied) VALUES (9, 'auth', '0004_alter_user_username_opts', '2024-10-11 10:49:39.775531+00');
INSERT INTO public.django_migrations (id, app, name, applied) VALUES (10, 'auth', '0005_alter_user_last_login_null', '2024-10-11 10:49:39.787133+00');
INSERT INTO public.django_migrations (id, app, name, applied) VALUES (11, 'auth', '0006_require_contenttypes_0002', '2024-10-11 10:49:39.790656+00');
INSERT INTO public.django_migrations (id, app, name, applied) VALUES (12, 'auth', '0007_alter_validators_add_error_messages', '2024-10-11 10:49:39.803099+00');
INSERT INTO public.django_migrations (id, app, name, applied) VALUES (13, 'auth', '0008_alter_user_username_max_length', '2024-10-11 10:49:39.813929+00');
INSERT INTO public.django_migrations (id, app, name, applied) VALUES (14, 'auth', '0009_alter_user_last_name_max_length', '2024-10-11 10:49:39.821619+00');
INSERT INTO public.django_migrations (id, app, name, applied) VALUES (15, 'auth', '0010_alter_group_name_max_length', '2024-10-11 10:49:39.829249+00');
INSERT INTO public.django_migrations (id, app, name, applied) VALUES (16, 'auth', '0011_update_proxy_permissions', '2024-10-11 10:49:39.837791+00');
INSERT INTO public.django_migrations (id, app, name, applied) VALUES (17, 'auth', '0012_alter_user_first_name_max_length', '2024-10-11 10:49:39.845619+00');
INSERT INTO public.django_migrations (id, app, name, applied) VALUES (18, 'platform_app', '0001_initial', '2024-10-11 10:49:39.917545+00');
INSERT INTO public.django_migrations (id, app, name, applied) VALUES (19, 'sessions', '0001_initial', '2024-10-11 10:49:39.932591+00');


--
-- Data for Name: django_session; Type: TABLE DATA; Schema: public; Owner: myuser
--

INSERT INTO public.django_session (session_key, session_data, expire_date) VALUES ('ahwy9zuy1g4f8jania289sk4nnoac16u', '.eJxVjMsOwiAQRf-FtSEMb1y69xvIwFCpGkhKuzL-uzbpQrf3nHNfLOK21riNssSZ2JkBO_1uCfOjtB3QHdut89zbusyJ7wo_6ODXTuV5Ody_g4qjfmsEFDkEhVJqYVB6UwRZtDKn7FRSjiBoMh48TFMqXilKYHQwTgVpwbD3B9NMNwk:1szDEW:qA8_4NBMpqmiwwnzSxbCtJhRahwx2VeksLmUMbITNOI', '2024-10-25 10:50:56.507526+00');


--
-- Data for Name: platform_app_channel; Type: TABLE DATA; Schema: public; Owner: myuser
--

INSERT INTO public.platform_app_channel (id, title, image, language) VALUES ('67daec21-b17d-4181-b626-6e7832f509a3', 'Subchannel 1', 'files/channels/Screenshot_from_2021-12-23_19-04-43.png', 'ES');
INSERT INTO public.platform_app_channel (id, title, image, language) VALUES ('7ccf5b4c-f0cf-44f6-ac64-685ba232567b', 'Channel 1', 'files/channels/Screenshot_from_2021-10-26_17-32-51.png', 'ES');
INSERT INTO public.platform_app_channel (id, title, image, language) VALUES ('1740f54c-c36f-4c72-998e-77ba852cc808', 'Subchannel 2', 'files/channels/Screenshot_from_2021-12-23_19-04-43.png', 'CA');


--
-- Data for Name: platform_app_content; Type: TABLE DATA; Schema: public; Owner: myuser
--

INSERT INTO public.platform_app_content (id, file, rating) VALUES ('6afc345d-a33e-412b-9789-3517e8bf3bc7', 'files/contents/Screenshot_from_2021-12-05_09-14-33.png', 9);
INSERT INTO public.platform_app_content (id, file, rating) VALUES ('19dba525-8e48-4ffe-80ab-c708672f9d88', 'files/contents/Screenshot_from_2021-12-05_09-14-33.png', 3);


--
-- Data for Name: platform_app_channel_contents; Type: TABLE DATA; Schema: public; Owner: myuser
--

INSERT INTO public.platform_app_channel_contents (id, channel_id, content_id) VALUES (6, '1740f54c-c36f-4c72-998e-77ba852cc808', '19dba525-8e48-4ffe-80ab-c708672f9d88');
INSERT INTO public.platform_app_channel_contents (id, channel_id, content_id) VALUES (5, '67daec21-b17d-4181-b626-6e7832f509a3', '6afc345d-a33e-412b-9789-3517e8bf3bc7');


--
-- Data for Name: platform_app_channel_subchannels; Type: TABLE DATA; Schema: public; Owner: myuser
--

INSERT INTO public.platform_app_channel_subchannels (id, from_channel_id, to_channel_id) VALUES (9, '7ccf5b4c-f0cf-44f6-ac64-685ba232567b', '67daec21-b17d-4181-b626-6e7832f509a3');
INSERT INTO public.platform_app_channel_subchannels (id, from_channel_id, to_channel_id) VALUES (11, '7ccf5b4c-f0cf-44f6-ac64-685ba232567b', '1740f54c-c36f-4c72-998e-77ba852cc808');


--
-- Data for Name: platform_app_metadatatype; Type: TABLE DATA; Schema: public; Owner: myuser
--

INSERT INTO public.platform_app_metadatatype (id, metadata_type) VALUES (1, 'Subtitles');
INSERT INTO public.platform_app_metadatatype (id, metadata_type) VALUES (2, 'Audio');


--
-- Data for Name: platform_app_contentmetadata; Type: TABLE DATA; Schema: public; Owner: myuser
--

INSERT INTO public.platform_app_contentmetadata (id, metadata, content_id, metadata_type_id) VALUES (1, 'Spanish, Catalan, Euskera, Galician', '6afc345d-a33e-412b-9789-3517e8bf3bc7', 1);
INSERT INTO public.platform_app_contentmetadata (id, metadata, content_id, metadata_type_id) VALUES (2, 'Spanish, Catalan, Euskera, Galician', '6afc345d-a33e-412b-9789-3517e8bf3bc7', 2);


--
-- Name: auth_group_id_seq; Type: SEQUENCE SET; Schema: public; Owner: myuser
--

SELECT pg_catalog.setval('public.auth_group_id_seq', 1, false);


--
-- Name: auth_group_permissions_id_seq; Type: SEQUENCE SET; Schema: public; Owner: myuser
--

SELECT pg_catalog.setval('public.auth_group_permissions_id_seq', 1, false);


--
-- Name: auth_permission_id_seq; Type: SEQUENCE SET; Schema: public; Owner: myuser
--

SELECT pg_catalog.setval('public.auth_permission_id_seq', 40, true);


--
-- Name: auth_user_groups_id_seq; Type: SEQUENCE SET; Schema: public; Owner: myuser
--

SELECT pg_catalog.setval('public.auth_user_groups_id_seq', 1, false);


--
-- Name: auth_user_id_seq; Type: SEQUENCE SET; Schema: public; Owner: myuser
--

SELECT pg_catalog.setval('public.auth_user_id_seq', 1, true);


--
-- Name: auth_user_user_permissions_id_seq; Type: SEQUENCE SET; Schema: public; Owner: myuser
--

SELECT pg_catalog.setval('public.auth_user_user_permissions_id_seq', 1, false);


--
-- Name: django_admin_log_id_seq; Type: SEQUENCE SET; Schema: public; Owner: myuser
--

SELECT pg_catalog.setval('public.django_admin_log_id_seq', 12, true);


--
-- Name: django_content_type_id_seq; Type: SEQUENCE SET; Schema: public; Owner: myuser
--

SELECT pg_catalog.setval('public.django_content_type_id_seq', 10, true);


--
-- Name: django_migrations_id_seq; Type: SEQUENCE SET; Schema: public; Owner: myuser
--

SELECT pg_catalog.setval('public.django_migrations_id_seq', 19, true);


--
-- Name: platform_app_channel_contents_id_seq; Type: SEQUENCE SET; Schema: public; Owner: myuser
--

SELECT pg_catalog.setval('public.platform_app_channel_contents_id_seq', 6, true);


--
-- Name: platform_app_channel_subchannels_id_seq; Type: SEQUENCE SET; Schema: public; Owner: myuser
--

SELECT pg_catalog.setval('public.platform_app_channel_subchannels_id_seq', 11, true);


--
-- Name: platform_app_contentmetadata_id_seq; Type: SEQUENCE SET; Schema: public; Owner: myuser
--

SELECT pg_catalog.setval('public.platform_app_contentmetadata_id_seq', 2, true);


--
-- Name: platform_app_metadatatype_id_seq; Type: SEQUENCE SET; Schema: public; Owner: myuser
--

SELECT pg_catalog.setval('public.platform_app_metadatatype_id_seq', 2, true);


--
-- PostgreSQL database dump complete
--

